SrcId,Rank,StartTime,LastTime,Trans,Flgs,Seq,Dur,RunTime,IdleTime,Mean,StdDev,Sum,Min,Max,SrcMac,DstMac,SrcOui,DstOui,SrcAddr,DstAddr,Proto,Sport,Dport,sTos,dTos,sDSb,dDSb,sCo,dCo,sTtl,dTtl,sHops,dHops,sIpId,dIpId,sMpls,dMpls,AutoId,sAS,dAS,iAS,Cause,NStrok,sNStrok,dNStrok,TotPkts,SrcPkts,DstPkts,TotBytes,SrcBytes,DstBytes,TotAppByte,SAppBytes,DAppBytes,PCRatio,Load,SrcLoad,DstLoad,Loss,SrcLoss,DstLoss,pLoss,Retrans,SrcRetra,DstRetra,pRetran,SrcGap,DstGap,Rate,SrcRate,DstRate,Dir,SIntPkt,SIntDist,SIntPktAct,SIntActDist,SIntPktIdl,SIntIdlDist,DIntPkt,DIntDist,DIntPktAct,DIntActDist,DIntPktIdl,DIntIdlDist,SrcJitter,SrcJitAct,DstJitter,DstJitAct,State,Label,srcUdata,dstUdata,SrcWin,DstWin,sVlan,dVlan,sVid,dVid,sVpri,dVpri,SRange,ERange,SrcTCPBase,DstTCPBase,TcpRtt,SynAck,AckDat,TcpOpt,Inode,Offset,sMeanPktSz,dMeanPktSz,sPktSz,sMaxPktSz,dPktSz,dMaxPktSz,sMinPktSz,dMinPktSz,dMinPktSz
0.0.0.0,,16:37:05.119596,16:37:05.119152,,          ,0,0.000444,,,,,,,,,,,,0,0,man,0,0,,,,,,,,,,,,,,,0,,,,Start,,,,0,0,0,0,0,0,0,0,0,,0.000000,0.000000,0.000000,0,0,0,0.000000,0,0,0,0.000000,,,0.000000,0.000000,0.000000,,,,,,,,,,,,,,,,,,STA,,,,,,,,,,,,,,,,0.000000,0.000000,0.000000,,,0,0.000000,0.000000,,,,,,,
0.0.0.0,1,19:00:02.000000,19:00:02.000000,0,          ,1,0.000000,0.000000,1675805824.000000,0.000000,0.000000,0.000000,,,,,,,127.0.0.1,127.0.0.1,tcp,14417,9051,,,,,,,,,,,,,,,0,,,,Start,,,,,,,,,,,,0.000000,0.000000,0.000000,0.000000,0,0,0,0.000000,0,0,0,0.000000,,,0.000000,0.000000,0.000000,,,,,,,,,,,,,,,,,,INT,,,,,,,,,,,,,,,,0.000000,0.000000,0.000000,,,128,0.000000,0.000000,,,,,,,
0.0.0.0,2,19:02:30.002535,19:02:30.002535,0,          ,1,0.000000,0.000000,1675805824.000000,0.000000,0.000000,0.000000,,,,,,,127.0.0.1,127.0.0.1,tcp,14417,9051,,,,,,,,,,,,,,,0,,,,Status,,,,,,,,,,,,0.000000,0.000000,0.000000,0.000000,0,0,0,0.000000,0,0,0,0.000000,,,0.000000,0.000000,0.000000,,,,,,,,,,,,,,,,,,INT,,,,,,,,,,,,,,,,0.000000,0.000000,0.000000,,,340,0.000000,0.000000,,,,,,,
0.0.0.0,3,19:02:35.029079,19:02:35.029079,1,   d      ,1,0.000000,0.000000,1675805824.000000,0.000000,0.000000,0.000000,0.000000,0.000000,,,,,127.0.0.1,127.0.0.1,tcp,14417,9051,0,0,cs0,cs0,,,64,64,0,0,0x0000,0x0000,,,0,,,,Status,,,,40,20,20,3194,800,2394,0,0,0,-0.000000,0.000000,0.000000,0.000000,20,0,20,33.333333,0,0,0,0.000000,0,0,0.000000,0.000000,0.000000,   ->,,,,,,,,,,,,,,,,,CON,,,,4309,119,,,,,,,,,38,546,0.000000,0.000000,0.000000,,,552,40.000000,119.699997,,,,,,,
0.0.0.0,4,19:02:40.030055,19:02:40.030055,1,   d      ,1,0.000000,0.000000,1675805824.000000,0.000000,0.000000,0.000000,0.000000,0.000000,,,,,127.0.0.1,127.0.0.1,tcp,14417,9051,0,0,cs0,cs0,,,64,64,0,0,0x0000,0x0000,,,0,,,,Status,,,,40,20,20,3200,800,2400,0,0,0,-0.000000,0.000000,0.000000,0.000000,20,0,20,33.333333,0,0,0,0.000000,0,0,0.000000,0.000000,0.000000,   ->,,,,,,,,,,,,,,,,,CON,,,,4309,119,,,,,,,,,38,546,0.000000,0.000000,0.000000,,,764,40.000000,120.000000,,,,,,,
0.0.0.0,5,19:02:45.031539,19:02:45.031539,0,          ,1,0.000000,0.000000,1675805824.000000,0.000000,0.000000,0.000000,,,,,,,127.0.0.1,127.0.0.1,tcp,14417,9051,,,,,,,,,,,,,,,0,,,,Status,,,,,,,,,,,,0.000000,0.000000,0.000000,0.000000,0,0,0,0.000000,0,0,0,0.000000,,,0.000000,0.000000,0.000000,,,,,,,,,,,,,,,,,,INT,,,,,,,,,,,,,,,,0.000000,0.000000,0.000000,,,976,0.000000,0.000000,,,,,,,
0.0.0.0,6,19:02:50.033161,19:02:50.033161,1,   d      ,1,0.000000,0.000000,1675805824.000000,0.000000,0.000000,0.000000,0.000000,0.000000,,,,,127.0.0.1,127.0.0.1,tcp,14417,9051,0,0,cs0,cs0,,,64,64,0,0,0x0000,0x0000,,,0,,,,Status,,,,40,20,20,3196,800,2396,0,0,0,-0.000000,0.000000,0.000000,0.000000,20,0,20,33.333333,0,0,0,0.000000,0,0,0.000000,0.000000,0.000000,   ->,,,,,,,,,,,,,,,,,CON,,,,4309,119,,,,,,,,,38,546,0.000000,0.000000,0.000000,,,1188,40.000000,119.800003,,,,,,,
0.0.0.0,7,19:02:55.033685,19:02:55.033685,0,          ,1,0.000000,0.000000,1675805824.000000,0.000000,0.000000,0.000000,,,,,,,127.0.0.1,127.0.0.1,tcp,14417,9051,,,,,,,,,,,,,,,0,,,,Status,,,,,,,,,,,,0.000000,0.000000,0.000000,0.000000,0,0,0,0.000000,0,0,0,0.000000,,,0.000000,0.000000,0.000000,,,,,,,,,,,,,,,,,,INT,,,,,,,,,,,,,,,,0.000000,0.000000,0.000000,,,1400,0.000000,0.000000,,,,,,,
0.0.0.0,8,19:03:00.034219,19:03:00.034219,1,   d      ,1,0.000000,0.000000,1675805824.000000,0.000000,0.000000,0.000000,0.000000,0.000000,,,,,127.0.0.1,127.0.0.1,tcp,14417,9051,0,0,cs0,cs0,,,64,64,0,0,0x0000,0x0000,,,0,,,,Status,,,,92,46,46,13870,1840,12030,0,0,0,-0.000000,0.000000,0.000000,0.000000,46,0,46,33.333333,0,0,0,0.000000,0,0,0.000000,0.000000,0.000000,   ->,,,,,,,,,,,,,,,,,CON,,,,4309,119,,,,,,,,,38,546,0.000000,0.000000,0.000000,,,1612,40.000000,261.521729,,,,,,,
0.0.0.0,9,19:03:05.036409,19:03:05.036409,1,   d      ,1,0.000000,0.000000,1675805824.000000,0.000000,0.000000,0.000000,0.000000,0.000000,,,,,127.0.0.1,127.0.0.1,tcp,14417,9051,0,0,cs0,cs0,,,64,64,0,0,0x0000,0x0000,,,0,,,,Status,,,,40,20,20,3216,800,2416,0,0,0,-0.000000,0.000000,0.000000,0.000000,20,0,20,33.333333,0,0,0,0.000000,0,0,0.000000,0.000000,0.000000,   ->,,,,,,,,,,,,,,,,,CON,,,,4309,119,,,,,,,,,38,764,0.000000,0.000000,0.000000,,,1824,40.000000,120.800003,,,,,,,
0.0.0.0,10,19:03:10.036874,19:03:10.036874,1,   d      ,1,0.000000,0.000000,1675805824.000000,0.000000,0.000000,0.000000,0.000000,0.000000,00:00:00:00:00:00,00:00:00:00:00:00,,,127.0.0.1,127.0.0.1,tcp,14417,9051,0,0,cs0,cs0,,,64,64,0,0,0x0000,0x0000,,,0,,,,Status,,,,40,20,20,3190,800,2390,0,0,0,-0.000000,0.000000,0.000000,0.000000,20,0,20,33.333333,0,0,0,0.000000,0,0,0.000000,0.000000,0.000000,   ->,,,,,,,,,,,,,,,,,CON,,,,4309,119,,,,,,,,,38,764,0.000000,0.000000,0.000000,,,2036,40.000000,119.500000,,,,,,,
0.0.0.0,11,19:03:15.036874,19:03:15.036874,0,          ,1,0.000000,0.000000,1675805824.000000,0.000000,0.000000,0.000000,,,,,,,127.0.0.1,127.0.0.1,tcp,14417,9051,,,,,,,,,,,,,,,0,,,,Status,,,,,,,,,,,,0.000000,0.000000,0.000000,0.000000,0,0,0,0.000000,0,0,0,0.000000,,,0.000000,0.000000,0.000000,,,,,,,,,,,,,,,,,,INT,,,,,,,,,,,,,,,,0.000000,0.000000,0.000000,,,2248,0.000000,0.000000,,,,,,,
0.0.0.0,12,19:03:20.037599,19:03:20.037599,1,   d      ,1,0.000000,0.000000,1675805824.000000,0.000000,0.000000,0.000000,0.000000,0.000000,,,,,127.0.0.1,127.0.0.1,tcp,14417,9051,0,0,cs0,cs0,,,64,64,0,0,0x0000,0x0000,,,0,,,,Status,,,,40,20,20,3220,800,2420,0,0,0,-0.000000,0.000000,0.000000,0.000000,20,0,20,33.333333,0,0,0,0.000000,0,0,0.000000,0.000000,0.000000,   ->,,,,,,,,,,,,,,,,,CON,,,,4309,119,,,,,,,,,38,764,0.000000,0.000000,0.000000,,,2460,40.000000,121.000000,,,,,,,
0.0.0.0,13,19:03:25.039453,19:03:25.039453,1,   d      ,1,0.000000,0.000000,1675805824.000000,0.000000,0.000000,0.000000,0.000000,0.000000,,,,,127.0.0.1,127.0.0.1,tcp,14417,9051,0,0,cs0,cs0,,,64,64,0,0,0x0000,0x0000,,,0,,,,Status,,,,52,26,26,5720,1040,4680,0,0,0,-0.000000,0.000000,0.000000,0.000000,26,0,26,33.333333,0,0,0,0.000000,0,0,0.000000,0.000000,0.000000,   ->,,,,,,,,,,,,,,,,,CON,,,,4309,119,,,,,,,,,38,764,0.000000,0.000000,0.000000,,,2672,40.000000,180.000000,,,,,,,
0.0.0.0,14,19:03:30.040775,19:03:30.040775,0,          ,1,0.000000,0.000000,1675805824.000000,0.000000,0.000000,0.000000,,,,,,,127.0.0.1,127.0.0.1,tcp,14417,9051,,,,,,,,,,,,,,,0,,,,Status,,,,,,,,,,,,0.000000,0.000000,0.000000,0.000000,0,0,0,0.000000,0,0,0,0.000000,,,0.000000,0.000000,0.000000,,,,,,,,,,,,,,,,,,INT,,,,,,,,,,,,,,,,0.000000,0.000000,0.000000,,,2884,0.000000,0.000000,,,,,,,
0.0.0.0,15,19:03:35.042189,19:03:35.042189,1,   d      ,1,0.000000,0.000000,1675805824.000000,0.000000,0.000000,0.000000,0.000000,0.000000,,,,,127.0.0.1,127.0.0.1,tcp,14417,9051,0,0,cs0,cs0,,,64,64,0,0,0x0000,0x0000,,,0,,,,Status,,,,52,26,26,5708,1040,4668,0,0,0,-0.000000,0.000000,0.000000,0.000000,26,0,26,33.333333,0,0,0,0.000000,0,0,0.000000,0.000000,0.000000,   ->,,,,,,,,,,,,,,,,,CON,,,,4309,119,,,,,,,,,38,764,0.000000,0.000000,0.000000,,,3096,40.000000,179.538467,,,,,,,
0.0.0.0,16,19:03:40.571305,19:03:40.571305,2847344640,          ,1,0.000000,0.000000,1675805824.000000,0.000000,0.000000,0.000000,0.000000,0.000000,,,,,127.0.0.1,127.0.0.1,tcp,14417,9051,,,,,,,,,,,,,,,0,,,,Status,,,,,,,,,,,,0.000000,0.000000,0.000000,0.000000,0,0,0,0.000000,0,0,0,0.000000,,,0.000000,0.000000,0.000000,,,,,,,,,,,,,,,,,,INT,,,,,,,,,,,,,,,,0.000000,0.000000,0.000000,,,3308,0.000000,0.000000,,,,,,,
0.0.0.0,17,19:03:45.571305,19:03:45.571305,0,          ,1,0.000000,0.000000,1675805824.000000,0.000000,0.000000,0.000000,,,,,,,127.0.0.1,127.0.0.1,tcp,14417,9051,,,,,,,,,,,,,,,0,,,,Status,,,,,,,,,,,,0.000000,0.000000,0.000000,0.000000,0,0,0,0.000000,0,0,0,0.000000,,,0.000000,0.000000,0.000000,,,,,,,,,,,,,,,,,,INT,,,,,,,,,,,,,,,,0.000000,0.000000,0.000000,,,3520,0.000000,0.000000,,,,,,,
0.0.0.0,18,19:03:50.571445,19:03:50.571445,0,          ,1,0.000000,0.000000,1675805824.000000,0.000000,0.000000,0.000000,,,,,,,127.0.0.1,127.0.0.1,tcp,14417,9051,,,,,,,,,,,,,,,0,,,,Status,,,,,,,,,,,,0.000000,0.000000,0.000000,0.000000,0,0,0,0.000000,0,0,0,0.000000,,,0.000000,0.000000,0.000000,,,,,,,,,,,,,,,,,,INT,,,,,,,,,,,,,,,,0.000000,0.000000,0.000000,,,3732,0.000000,0.000000,,,,,,,
0.0.0.0,19,19:03:55.571495,19:03:55.571495,0,          ,1,0.000000,0.000000,1675805824.000000,0.000000,0.000000,0.000000,,,,,,,127.0.0.1,127.0.0.1,tcp,14417,9051,,,,,,,,,,,,,,,0,,,,Status,,,,,,,,,,,,0.000000,0.000000,0.000000,0.000000,0,0,0,0.000000,0,0,0,0.000000,,,0.000000,0.000000,0.000000,,,,,,,,,,,,,,,,,,INT,,,,,,,,,,,,,,,,0.000000,0.000000,0.000000,,,3944,0.000000,0.000000,,,,,,,
0.0.0.0,20,19:04:00.571495,19:04:00.571495,0,          ,1,0.000000,0.000000,1675805824.000000,0.000000,0.000000,0.000000,,,,,,,127.0.0.1,127.0.0.1,tcp,14417,9051,,,,,,,,,,,,,,,0,,,,Status,,,,,,,,,,,,0.000000,0.000000,0.000000,0.000000,0,0,0,0.000000,0,0,0,0.000000,,,0.000000,0.000000,0.000000,,,,,,,,,,,,,,,,,,INT,,,,,,,,,,,,,,,,0.000000,0.000000,0.000000,,,4156,0.000000,0.000000,,,,,,,
0.0.0.0,21,19:04:05.573150,19:04:05.573150,1,   d      ,1,0.000000,0.000000,1675805824.000000,0.000000,0.000000,0.000000,0.000000,0.000000,,,,,127.0.0.1,127.0.0.1,tcp,14417,9051,0,0,cs0,cs0,,,64,64,0,0,0x0000,0x0000,,,0,,,,Status,,,,20,10,10,970,400,570,0,0,0,-0.000000,0.000000,0.000000,0.000000,10,0,10,33.333333,0,0,0,0.000000,0,0,0.000000,0.000000,0.000000,   ->,,,,,,,,,,,,,,,,,CON,,,,4309,119,,,,,,,,,38,764,0.000000,0.000000,0.000000,,,4368,40.000000,57.000000,,,,,,,
0.0.0.0,22,19:04:10.574683,19:04:10.574683,1,   d      ,1,0.000000,0.000000,1675805824.000000,0.000000,0.000000,0.000000,0.000000,0.000000,,,,,127.0.0.1,127.0.0.1,tcp,14417,9051,0,0,cs0,cs0,,,64,64,0,0,0x0000,0x0000,,,0,,,,Status,,,,20,10,10,934,400,534,0,0,0,-0.000000,0.000000,0.000000,0.000000,10,0,10,33.333333,0,0,0,0.000000,0,0,0.000000,0.000000,0.000000,   ->,,,,,,,,,,,,,,,,,CON,,,,4309,119,,,,,,,,,38,764,0.000000,0.000000,0.000000,,,4580,40.000000,53.400002,,,,,,,
0.0.0.0,23,19:04:15.575658,19:04:15.575658,0,          ,1,0.000000,0.000000,1675805824.000000,0.000000,0.000000,0.000000,,,,,,,127.0.0.1,127.0.0.1,tcp,14417,9051,,,,,,,,,,,,,,,0,,,,Status,,,,,,,,,,,,0.000000,0.000000,0.000000,0.000000,0,0,0,0.000000,0,0,0,0.000000,,,0.000000,0.000000,0.000000,,,,,,,,,,,,,,,,,,INT,,,,,,,,,,,,,,,,0.000000,0.000000,0.000000,,,4792,0.000000,0.000000,,,,,,,
0.0.0.0,24,19:04:20.575714,19:04:20.575714,0,          ,1,0.000000,0.000000,1675805824.000000,0.000000,0.000000,0.000000,,,,,,,127.0.0.1,127.0.0.1,tcp,14417,9051,,,,,,,,,,,,,,,0,,,,Status,,,,,,,,,,,,0.000000,0.000000,0.000000,0.000000,0,0,0,0.000000,0,0,0,0.000000,,,0.000000,0.000000,0.000000,,,,,,,,,,,,,,,,,,INT,,,,,,,,,,,,,,,,0.000000,0.000000,0.000000,,,5004,0.000000,0.000000,,,,,,,
0.0.0.0,25,19:04:25.575714,19:04:25.575714,0,          ,1,0.000000,0.000000,1675805824.000000,0.000000,0.000000,0.000000,,,,,,,127.0.0.1,127.0.0.1,tcp,14417,9051,,,,,,,,,,,,,,,0,,,,Status,,,,,,,,,,,,0.000000,0.000000,0.000000,0.000000,0,0,0,0.000000,0,0,0,0.000000,,,0.000000,0.000000,0.000000,,,,,,,,,,,,,,,,,,INT,,,,,,,,,,,,,,,,0.000000,0.000000,0.000000,,,5216,0.000000,0.000000,,,,,,,
0.0.0.0,26,19:04:30.576068,19:04:30.576068,0,          ,1,0.000000,0.000000,1675805824.000000,0.000000,0.000000,0.000000,,,,,,,127.0.0.1,127.0.0.1,tcp,14417,9051,,,,,,,,,,,,,,,0,,,,Status,,,,,,,,,,,,0.000000,0.000000,0.000000,0.000000,0,0,0,0.000000,0,0,0,0.000000,,,0.000000,0.000000,0.000000,,,,,,,,,,,,,,,,,,INT,,,,,,,,,,,,,,,,0.000000,0.000000,0.000000,,,5428,0.000000,0.000000,,,,,,,
0.0.0.0,27,19:04:35.576121,19:04:35.576121,0,          ,1,0.000000,0.000000,1675805824.000000,0.000000,0.000000,0.000000,,,,,,,127.0.0.1,127.0.0.1,tcp,14417,9051,,,,,,,,,,,,,,,0,,,,Status,,,,,,,,,,,,0.000000,0.000000,0.000000,0.000000,0,0,0,0.000000,0,0,0,0.000000,,,0.000000,0.000000,0.000000,,,,,,,,,,,,,,,,,,INT,,,,,,,,,,,,,,,,0.000000,0.000000,0.000000,,,5640,0.000000,0.000000,,,,,,,
0.0.0.0,28,19:04:40.577086,19:04:40.577086,0,          ,1,0.000000,0.000000,1675805824.000000,0.000000,0.000000,0.000000,,,,,,,127.0.0.1,127.0.0.1,tcp,14417,9051,,,,,,,,,,,,,,,0,,,,Status,,,,,,,,,,,,0.000000,0.000000,0.000000,0.000000,0,0,0,0.000000,0,0,0,0.000000,,,0.000000,0.000000,0.000000,,,,,,,,,,,,,,,,,,INT,,,,,,,,,,,,,,,,0.000000,0.000000,0.000000,,,5852,0.000000,0.000000,,,,,,,
0.0.0.0,29,19:04:45.577086,19:04:45.577086,0,          ,1,0.000000,0.000000,1675805824.000000,0.000000,0.000000,0.000000,,,,,,,127.0.0.1,127.0.0.1,tcp,14417,9051,,,,,,,,,,,,,,,0,,,,Status,,,,,,,,,,,,0.000000,0.000000,0.000000,0.000000,0,0,0,0.000000,0,0,0,0.000000,,,0.000000,0.000000,0.000000,,,,,,,,,,,,,,,,,,INT,,,,,,,,,,,,,,,,0.000000,0.000000,0.000000,,,6064,0.000000,0.000000,,,,,,,
0.0.0.0,30,19:04:50.577646,19:04:50.577646,0,          ,1,0.000000,0.000000,1675805824.000000,0.000000,0.000000,0.000000,,,,,,,127.0.0.1,127.0.0.1,tcp,14417,9051,,,,,,,,,,,,,,,0,,,,Status,,,,,,,,,,,,0.000000,0.000000,0.000000,0.000000,0,0,0,0.000000,0,0,0,0.000000,,,0.000000,0.000000,0.000000,,,,,,,,,,,,,,,,,,INT,,,,,,,,,,,,,,,,0.000000,0.000000,0.000000,,,6276,0.000000,0.000000,,,,,,,
0.0.0.0,31,19:04:55.579047,19:04:55.579047,0,          ,1,0.000000,0.000000,1675805824.000000,0.000000,0.000000,0.000000,,,,,,,127.0.0.1,127.0.0.1,tcp,14417,9051,,,,,,,,,,,,,,,0,,,,Status,,,,,,,,,,,,0.000000,0.000000,0.000000,0.000000,0,0,0,0.000000,0,0,0,0.000000,,,0.000000,0.000000,0.000000,,,,,,,,,,,,,,,,,,INT,,,,,,,,,,,,,,,,0.000000,0.000000,0.000000,,,6488,0.000000,0.000000,,,,,,,
0.0.0.0,32,19:05:00.579047,19:05:00.579047,0,          ,1,0.000000,0.000000,1675805824.000000,0.000000,0.000000,0.000000,,,,,,,127.0.0.1,127.0.0.1,tcp,14417,9051,,,,,,,,,,,,,,,0,,,,Status,,,,,,,,,,,,0.000000,0.000000,0.000000,0.000000,0,0,0,0.000000,0,0,0,0.000000,,,0.000000,0.000000,0.000000,,,,,,,,,,,,,,,,,,INT,,,,,,,,,,,,,,,,0.000000,0.000000,0.000000,,,6700,0.000000,0.000000,,,,,,,
0.0.0.0,33,19:05:05.579980,19:05:05.579980,0,          ,1,0.000000,0.000000,1675805824.000000,0.000000,0.000000,0.000000,,,,,,,127.0.0.1,127.0.0.1,tcp,14417,9051,,,,,,,,,,,,,,,0,,,,Status,,,,,,,,,,,,0.000000,0.000000,0.000000,0.000000,0,0,0,0.000000,0,0,0,0.000000,,,0.000000,0.000000,0.000000,,,,,,,,,,,,,,,,,,INT,,,,,,,,,,,,,,,,0.000000,0.000000,0.000000,,,6912,0.000000,0.000000,,,,,,,
0.0.0.0,34,19:05:10.579980,19:05:10.579980,0,          ,1,0.000000,0.000000,1675805824.000000,0.000000,0.000000,0.000000,,,,,,,127.0.0.1,127.0.0.1,tcp,14417,9051,,,,,,,,,,,,,,,0,,,,Status,,,,,,,,,,,,0.000000,0.000000,0.000000,0.000000,0,0,0,0.000000,0,0,0,0.000000,,,0.000000,0.000000,0.000000,,,,,,,,,,,,,,,,,,INT,,,,,,,,,,,,,,,,0.000000,0.000000,0.000000,,,7124,0.000000,0.000000,,,,,,,
0.0.0.0,35,19:05:15.579980,19:05:15.579980,0,          ,1,0.000000,0.000000,1675805824.000000,0.000000,0.000000,0.000000,,,,,,,127.0.0.1,127.0.0.1,tcp,14417,9051,,,,,,,,,,,,,,,0,,,,Status,,,,,,,,,,,,0.000000,0.000000,0.000000,0.000000,0,0,0,0.000000,0,0,0,0.000000,,,0.000000,0.000000,0.000000,,,,,,,,,,,,,,,,,,INT,,,,,,,,,,,,,,,,0.000000,0.000000,0.000000,,,7336,0.000000,0.000000,,,,,,,
0.0.0.0,36,19:05:20.579980,19:05:20.579980,0,          ,1,0.000000,0.000000,1675805824.000000,0.000000,0.000000,0.000000,,,,,,,127.0.0.1,127.0.0.1,tcp,14417,9051,,,,,,,,,,,,,,,0,,,,Status,,,,,,,,,,,,0.000000,0.000000,0.000000,0.000000,0,0,0,0.000000,0,0,0,0.000000,,,0.000000,0.000000,0.000000,,,,,,,,,,,,,,,,,,INT,,,,,,,,,,,,,,,,0.000000,0.000000,0.000000,,,7548,0.000000,0.000000,,,,,,,
0.0.0.0,37,19:05:25.579980,19:05:25.579980,0,          ,1,0.000000,0.000000,1675805824.000000,0.000000,0.000000,0.000000,,,,,,,127.0.0.1,127.0.0.1,tcp,14417,9051,,,,,,,,,,,,,,,0,,,,Status,,,,,,,,,,,,0.000000,0.000000,0.000000,0.000000,0,0,0,0.000000,0,0,0,0.000000,,,0.000000,0.000000,0.000000,,,,,,,,,,,,,,,,,,INT,,,,,,,,,,,,,,,,0.000000,0.000000,0.000000,,,7760,0.000000,0.000000,,,,,,,
0.0.0.0,38,19:05:30.580136,19:05:30.580136,0,          ,1,0.000000,0.000000,1675805824.000000,0.000000,0.000000,0.000000,,,,,,,127.0.0.1,127.0.0.1,tcp,14417,9051,,,,,,,,,,,,,,,0,,,,Status,,,,,,,,,,,,0.000000,0.000000,0.000000,0.000000,0,0,0,0.000000,0,0,0,0.000000,,,0.000000,0.000000,0.000000,,,,,,,,,,,,,,,,,,INT,,,,,,,,,,,,,,,,0.000000,0.000000,0.000000,,,7972,0.000000,0.000000,,,,,,,
0.0.0.0,39,19:05:35.580972,19:05:35.580972,0,          ,1,0.000000,0.000000,1675805824.000000,0.000000,0.000000,0.000000,,,,,,,127.0.0.1,127.0.0.1,tcp,14417,9051,,,,,,,,,,,,,,,0,,,,Status,,,,,,,,,,,,0.000000,0.000000,0.000000,0.000000,0,0,0,0.000000,0,0,0,0.000000,,,0.000000,0.000000,0.000000,,,,,,,,,,,,,,,,,,INT,,,,,,,,,,,,,,,,0.000000,0.000000,0.000000,,,8184,0.000000,0.000000,,,,,,,
0.0.0.0,40,19:05:40.581136,19:05:40.581136,0,          ,1,0.000000,0.000000,1675805824.000000,0.000000,0.000000,0.000000,,,,,,,127.0.0.1,127.0.0.1,tcp,14417,9051,,,,,,,,,,,,,,,0,,,,Status,,,,,,,,,,,,0.000000,0.000000,0.000000,0.000000,0,0,0,0.000000,0,0,0,0.000000,,,0.000000,0.000000,0.000000,,,,,,,,,,,,,,,,,,INT,,,,,,,,,,,,,,,,0.000000,0.000000,0.000000,,,8396,0.000000,0.000000,,,,,,,
0.0.0.0,41,19:05:45.581136,19:05:45.581136,0,          ,1,0.000000,0.000000,1675805824.000000,0.000000,0.000000,0.000000,,,,,,,127.0.0.1,127.0.0.1,tcp,14417,9051,,,,,,,,,,,,,,,0,,,,Status,,,,,,,,,,,,0.000000,0.000000,0.000000,0.000000,0,0,0,0.000000,0,0,0,0.000000,,,0.000000,0.000000,0.000000,,,,,,,,,,,,,,,,,,INT,,,,,,,,,,,,,,,,0.000000,0.000000,0.000000,,,8608,0.000000,0.000000,,,,,,,
0.0.0.0,42,19:05:50.581136,19:05:50.581136,0,          ,1,0.000000,0.000000,1675805824.000000,0.000000,0.000000,0.000000,,,,,,,127.0.0.1,127.0.0.1,tcp,14417,9051,,,,,,,,,,,,,,,0,,,,Status,,,,,,,,,,,,0.000000,0.000000,0.000000,0.000000,0,0,0,0.000000,0,0,0,0.000000,,,0.000000,0.000000,0.000000,,,,,,,,,,,,,,,,,,INT,,,,,,,,,,,,,,,,0.000000,0.000000,0.000000,,,8820,0.000000,0.000000,,,,,,,
0.0.0.0,43,19:05:55.581136,19:05:55.581136,0,          ,1,0.000000,0.000000,1675805824.000000,0.000000,0.000000,0.000000,,,,,,,127.0.0.1,127.0.0.1,tcp,14417,9051,,,,,,,,,,,,,,,0,,,,Status,,,,,,,,,,,,0.000000,0.000000,0.000000,0.000000,0,0,0,0.000000,0,0,0,0.000000,,,0.000000,0.000000,0.000000,,,,,,,,,,,,,,,,,,INT,,,,,,,,,,,,,,,,0.000000,0.000000,0.000000,,,9032,0.000000,0.000000,,,,,,,
0.0.0.0,44,19:06:00.581136,19:06:00.581136,0,          ,1,0.000000,0.000000,1675805824.000000,0.000000,0.000000,0.000000,,,,,,,127.0.0.1,127.0.0.1,tcp,14417,9051,,,,,,,,,,,,,,,0,,,,Status,,,,,,,,,,,,0.000000,0.000000,0.000000,0.000000,0,0,0,0.000000,0,0,0,0.000000,,,0.000000,0.000000,0.000000,,,,,,,,,,,,,,,,,,INT,,,,,,,,,,,,,,,,0.000000,0.000000,0.000000,,,9244,0.000000,0.000000,,,,,,,
0.0.0.0,45,19:06:05.581972,19:06:05.581972,0,          ,1,0.000000,0.000000,1675805824.000000,0.000000,0.000000,0.000000,,,,,,,127.0.0.1,127.0.0.1,tcp,14417,9051,,,,,,,,,,,,,,,0,,,,Status,,,,,,,,,,,,0.000000,0.000000,0.000000,0.000000,0,0,0,0.000000,0,0,0,0.000000,,,0.000000,0.000000,0.000000,,,,,,,,,,,,,,,,,,INT,,,,,,,,,,,,,,,,0.000000,0.000000,0.000000,,,9456,0.000000,0.000000,,,,,,,
0.0.0.0,46,19:06:10.582105,19:06:10.582105,0,          ,1,0.000000,0.000000,1675805824.000000,0.000000,0.000000,0.000000,,,,,,,127.0.0.1,127.0.0.1,tcp,14417,9051,,,,,,,,,,,,,,,0,,,,Status,,,,,,,,,,,,0.000000,0.000000,0.000000,0.000000,0,0,0,0.000000,0,0,0,0.000000,,,0.000000,0.000000,0.000000,,,,,,,,,,,,,,,,,,INT,,,,,,,,,,,,,,,,0.000000,0.000000,0.000000,,,9668,0.000000,0.000000,,,,,,,
0.0.0.0,47,19:06:15.582105,19:06:15.582105,0,          ,1,0.000000,0.000000,1675805824.000000,0.000000,0.000000,0.000000,,,,,,,127.0.0.1,127.0.0.1,tcp,14417,9051,,,,,,,,,,,,,,,0,,,,Status,,,,,,,,,,,,0.000000,0.000000,0.000000,0.000000,0,0,0,0.000000,0,0,0,0.000000,,,0.000000,0.000000,0.000000,,,,,,,,,,,,,,,,,,INT,,,,,,,,,,,,,,,,0.000000,0.000000,0.000000,,,9880,0.000000,0.000000,,,,,,,
0.0.0.0,48,19:06:20.582757,19:06:20.582757,0,          ,1,0.000000,0.000000,1675805824.000000,0.000000,0.000000,0.000000,,,,,,,127.0.0.1,127.0.0.1,tcp,14417,9051,,,,,,,,,,,,,,,0,,,,Status,,,,,,,,,,,,0.000000,0.000000,0.000000,0.000000,0,0,0,0.000000,0,0,0,0.000000,,,0.000000,0.000000,0.000000,,,,,,,,,,,,,,,,,,INT,,,,,,,,,,,,,,,,0.000000,0.000000,0.000000,,,10092,0.000000,0.000000,,,,,,,
0.0.0.0,49,19:06:25.585150,19:06:25.585150,1,   d      ,1,0.000000,0.000000,1675805824.000000,0.000000,0.000000,0.000000,0.000000,0.000000,,,,,127.0.0.1,127.0.0.1,tcp,14417,9051,0,0,cs0,cs0,,,64,64,0,0,0x0000,0x0000,,,0,,,,Status,,,,20,10,10,942,400,542,0,0,0,-0.000000,0.000000,0.000000,0.000000,10,0,10,33.333333,0,0,0,0.000000,0,0,0.000000,0.000000,0.000000,   ->,,,,,,,,,,,,,,,,,CON,,,,4309,119,,,,,,,,,38,764,0.000000,0.000000,0.000000,,,10304,40.000000,54.200001,,,,,,,
0.0.0.0,50,19:06:30.585675,19:06:30.585675,1,   d      ,1,0.000000,0.000000,1675805824.000000,0.000000,0.000000,0.000000,0.000000,0.000000,,,,,127.0.0.1,127.0.0.1,tcp,14417,9051,0,0,cs0,cs0,,,64,64,0,0,0x0000,0x0000,,,0,,,,Status,,,,20,10,10,938,400,538,0,0,0,-0.000000,0.000000,0.000000,0.000000,10,0,10,33.333333,0,0,0,0.000000,0,0,0.000000,0.000000,0.000000,   ->,,,,,,,,,,,,,,,,,CON,,,,4309,119,,,,,,,,,38,764,0.000000,0.000000,0.000000,,,10516,40.000000,53.799999,,,,,,,
0.0.0.0,51,19:06:35.586145,19:06:35.586145,1,   d      ,1,0.000000,0.000000,1675805824.000000,0.000000,0.000000,0.000000,0.000000,0.000000,,,,,127.0.0.1,127.0.0.1,tcp,14417,9051,0,0,cs0,cs0,,,64,64,0,0,0x0000,0x0000,,,0,,,,Status,,,,20,10,10,932,400,532,0,0,0,-0.000000,0.000000,0.000000,0.000000,10,0,10,33.333333,0,0,0,0.000000,0,0,0.000000,0.000000,0.000000,   ->,,,,,,,,,,,,,,,,,CON,,,,4309,119,,,,,,,,,38,764,0.000000,0.000000,0.000000,,,10728,40.000000,53.200001,,,,,,,
0.0.0.0,52,19:06:40.586145,19:06:40.586145,1,   d      ,1,0.000000,0.000000,1675805824.000000,0.000000,0.000000,0.000000,0.000000,0.000000,,,,,127.0.0.1,127.0.0.1,tcp,14417,9051,0,0,cs0,cs0,,,64,64,0,0,0x0000,0x0000,,,0,,,,Status,,,,20,10,10,944,400,544,0,0,0,-0.000000,0.000000,0.000000,0.000000,10,0,10,33.333333,0,0,0,0.000000,0,0,0.000000,0.000000,0.000000,   ->,,,,,,,,,,,,,,,,,CON,,,,4309,119,,,,,,,,,38,764,0.000000,0.000000,0.000000,,,10940,40.000000,54.400002,,,,,,,
0.0.0.0,53,19:06:45.587473,19:06:45.587473,1,   d      ,1,0.000000,0.000000,1675805824.000000,0.000000,0.000000,0.000000,0.000000,0.000000,,,,,127.0.0.1,127.0.0.1,tcp,14417,9051,0,0,cs0,cs0,,,64,64,0,0,0x0000,0x0000,,,0,,,,Status,,,,20,10,10,936,400,536,0,0,0,-0.000000,0.000000,0.000000,0.000000,10,0,10,33.333333,0,0,0,0.000000,0,0,0.000000,0.000000,0.000000,   ->,,,,,,,,,,,,,,,,,CON,,,,4309,119,,,,,,,,,38,764,0.000000,0.000000,0.000000,,,11152,40.000000,53.599998,,,,,,,
0.0.0.0,54,19:06:50.588455,19:06:50.588455,1,   d      ,1,0.000000,0.000000,1675805824.000000,0.000000,0.000000,0.000000,0.000000,0.000000,,,,,127.0.0.1,127.0.0.1,tcp,14417,9051,0,0,cs0,cs0,,,64,64,0,0,0x0000,0x0000,,,0,,,,Status,,,,20,10,10,930,400,530,0,0,0,-0.000000,0.000000,0.000000,0.000000,10,0,10,33.333333,0,0,0,0.000000,0,0,0.000000,0.000000,0.000000,   ->,,,,,,,,,,,,,,,,,CON,,,,4309,119,,,,,,,,,38,764,0.000000,0.000000,0.000000,,,11364,40.000000,53.000000,,,,,,,
0.0.0.0,55,19:06:55.588455,19:06:55.588455,1,   d      ,1,0.000000,0.000000,1675805824.000000,0.000000,0.000000,0.000000,0.000000,0.000000,,,,,127.0.0.1,127.0.0.1,tcp,14417,9051,0,0,cs0,cs0,,,64,64,0,0,0x0000,0x0000,,,0,,,,Status,,,,20,10,10,932,400,532,0,0,0,-0.000000,0.000000,0.000000,0.000000,10,0,10,33.333333,0,0,0,0.000000,0,0,0.000000,0.000000,0.000000,   ->,,,,,,,,,,,,,,,,,CON,,,,4309,119,,,,,,,,,38,764,0.000000,0.000000,0.000000,,,11576,40.000000,53.200001,,,,,,,
0.0.0.0,56,19:07:00.588715,19:07:00.588715,1,   d      ,1,0.000000,0.000000,1675805824.000000,0.000000,0.000000,0.000000,0.000000,0.000000,,,,,127.0.0.1,127.0.0.1,tcp,14417,9051,0,0,cs0,cs0,,,64,64,0,0,0x0000,0x0000,,,0,,,,Status,,,,20,10,10,934,400,534,0,0,0,-0.000000,0.000000,0.000000,0.000000,10,0,10,33.333333,0,0,0,0.000000,0,0,0.000000,0.000000,0.000000,   ->,,,,,,,,,,,,,,,,,CON,,,,4309,119,,,,,,,,,38,764,0.000000,0.000000,0.000000,,,11788,40.000000,53.400002,,,,,,,
0.0.0.0,57,19:07:05.588715,19:07:05.588715,1,   d      ,1,0.000000,0.000000,1675805824.000000,0.000000,0.000000,0.000000,0.000000,0.000000,,,,,127.0.0.1,127.0.0.1,tcp,14417,9051,0,0,cs0,cs0,,,64,64,0,0,0x0000,0x0000,,,0,,,,Status,,,,20,10,10,966,400,566,0,0,0,-0.000000,0.000000,0.000000,0.000000,10,0,10,33.333333,0,0,0,0.000000,0,0,0.000000,0.000000,0.000000,   ->,,,,,,,,,,,,,,,,,CON,,,,4309,119,,,,,,,,,38,764,0.000000,0.000000,0.000000,,,12000,40.000000,56.599998,,,,,,,
0.0.0.0,58,19:07:10.589934,19:07:10.589934,0,          ,1,0.000000,0.000000,1675805824.000000,0.000000,0.000000,0.000000,,,,,,,127.0.0.1,127.0.0.1,tcp,14417,9051,,,,,,,,,,,,,,,0,,,,Status,,,,,,,,,,,,0.000000,0.000000,0.000000,0.000000,0,0,0,0.000000,0,0,0,0.000000,,,0.000000,0.000000,0.000000,,,,,,,,,,,,,,,,,,INT,,,,,,,,,,,,,,,,0.000000,0.000000,0.000000,,,12212,0.000000,0.000000,,,,,,,
0.0.0.0,59,19:07:15.590583,19:07:15.590583,1,   d      ,1,0.000000,0.000000,1675805824.000000,0.000000,0.000000,0.000000,0.000000,0.000000,,,,,127.0.0.1,127.0.0.1,tcp,14417,9051,0,0,cs0,cs0,,,64,64,0,0,0x0000,0x0000,,,0,,,,Status,,,,20,10,10,956,400,556,0,0,0,-0.000000,0.000000,0.000000,0.000000,10,0,10,33.333333,0,0,0,0.000000,0,0,0.000000,0.000000,0.000000,   ->,,,,,,,,,,,,,,,,,CON,,,,4309,119,,,,,,,,,38,764,0.000000,0.000000,0.000000,,,12424,40.000000,55.599998,,,,,,,
0.0.0.0,60,19:07:20.592104,19:07:20.592104,1,   d      ,1,0.000000,0.000000,1675805824.000000,0.000000,0.000000,0.000000,0.000000,0.000000,,,,,127.0.0.1,127.0.0.1,tcp,14417,9051,0,0,cs0,cs0,,,64,64,0,0,0x0000,0x0000,,,0,,,,Status,,,,20,10,10,942,400,542,0,0,0,-0.000000,0.000000,0.000000,0.000000,10,0,10,33.333333,0,0,0,0.000000,0,0,0.000000,0.000000,0.000000,   ->,,,,,,,,,,,,,,,,,CON,,,,4309,119,,,,,,,,,38,764,0.000000,0.000000,0.000000,,,12636,40.000000,54.200001,,,,,,,
0.0.0.0,61,19:07:25.592104,19:07:25.592104,0,          ,1,0.000000,0.000000,1675805824.000000,0.000000,0.000000,0.000000,,,,,,,127.0.0.1,127.0.0.1,tcp,14417,9051,,,,,,,,,,,,,,,0,,,,Status,,,,,,,,,,,,0.000000,0.000000,0.000000,0.000000,0,0,0,0.000000,0,0,0,0.000000,,,0.000000,0.000000,0.000000,,,,,,,,,,,,,,,,,,INT,,,,,,,,,,,,,,,,0.000000,0.000000,0.000000,,,12848,0.000000,0.000000,,,,,,,
0.0.0.0,62,19:07:30.593231,19:07:30.593231,0,          ,1,0.000000,0.000000,1675805824.000000,0.000000,0.000000,0.000000,,,,,,,127.0.0.1,127.0.0.1,tcp,14417,9051,,,,,,,,,,,,,,,0,,,,Status,,,,,,,,,,,,0.000000,0.000000,0.000000,0.000000,0,0,0,0.000000,0,0,0,0.000000,,,0.000000,0.000000,0.000000,,0.000000,00000000,0.000000,00000000,0.000000,00000000,,00000000,0.000000,00000000,0.000000,00000000,,,,,INT,,,,,,,,,,,,,,,,0.000000,0.000000,0.000000,,,13060,0.000000,0.000000,,,,,,,
0.0.0.0,63,19:07:35.594038,19:07:35.594038,1,   d      ,1,0.000000,0.000000,1675805824.000000,0.000000,0.000000,0.000000,0.000000,0.000000,,,,,127.0.0.1,127.0.0.1,tcp,14417,9051,0,0,cs0,cs0,,,64,64,0,0,0x0000,0x0000,,,0,,,,Status,,,,20,10,10,956,400,556,0,0,0,-0.000000,0.000000,0.000000,0.000000,10,0,10,33.333333,0,0,0,0.000000,0,0,0.000000,0.000000,0.000000,   ->,,,,,,,,,,,,,,,,,CON,,,,4309,119,,,,,,,,,38,764,0.000000,0.000000,0.000000,,,13272,40.000000,55.599998,,,,,,,
